id,symbol,name,image,current_price,market_cap,market_cap_rank,fully_diluted_valuation,total_volume,high_24h,low_24h,price_change_24h,price_change_percentage_24h,market_cap_change_24h,market_cap_change_percentage_24h,circulating_supply,total_supply,max_supply,ath,ath_change_percentage,ath_date,atl,atl_change_percentage,atl_date,roi,last_updated
bitcoin,btc,Bitcoin,https://coin-images.coingecko.com/coins/images/1/large/bitcoin.png?1696501400,63047.0,1264564291227,1,1264564858651,23464429984.0,64753.0,62639.0,-1066.0491967898852,-1.66278,-21342391248.924316,-1.65972,20057431.0,20057440.0,21000000.0,126080.0,-49.99477,2025-10-06T18:57:42.558Z,67.81,92876.64287,2013-07-06T00:00:00.000Z,,2026-07-17T10:09:27.248Z
ethereum,eth,Ethereum,https://coin-images.coingecko.com/coins/images/279/large/ethereum.png?1696501628,1836.42,221643845934,2,221643845934,10503683542.0,1889.35,1821.16,-49.710134614085746,-2.63556,-5979464093.681732,-2.62691,120682873.2112472,120682873.2112472,,4946.05,-62.87087,2025-08-24T19:21:03.333Z,0.432979,424037.31656,2015-10-20T00:00:00.000Z,"{'times': 37.94375000052498, 'currency': 'btc', 'percentage': 3794.3750000524974}",2026-07-17T10:09:27.104Z
tether,usdt,Tether,https://coin-images.coingecko.com/coins/images/325/large/Tether.png?1696501661,0.999027,184025328744,3,189486944334,40253640002.0,0.999355,0.998976,-0.000118530620806356,-0.01186,-174705836.67019653,-0.09485,184204791268.6909,189671733057.0762,,1.32,-24.49463,2018-07-24T00:00:00.000Z,0.572521,74.49282,2015-03-02T00:00:00.000Z,,2026-07-17T10:09:10.528Z
binancecoin,bnb,BNB,https://coin-images.coingecko.com/coins/images/825/large/bnb-icon2_2x.png?1696501970,564.71,75201835654,4,75201835654,578526713.0,580.08,562.62,-12.599165310106514,-2.18239,-1676216708.1329956,-2.18036,133166054.97,133166054.97,200000000.0,1369.99,-58.77996,2025-10-13T08:41:24.131Z,0.0398177,1418141.48902,2017-10-19T00:00:00.000Z,,2026-07-17T10:09:27.520Z
usd-coin,usdc,USDC,https://coin-images.coingecko.com/coins/images/6319/large/USDC.png?1769615602,0.999997,73196859686,5,73199437456,10537148614.0,1.0,0.999788,9.445e-05,0.00945,108667157.0,0.14868,73196416250.0575,73198994004.07745,,1.043,-4.17582,2018-11-15T00:00:00.000Z,0.877647,13.9287,2023-03-11T08:02:13.981Z,,2026-07-17T10:09:18.872Z
ripple,xrp,XRP,https://coin-images.coingecko.com/coins/images/44/large/xrp-symbol-white-128.png?1696501442,1.086,67824843529,6,108562348866,1028643950.0,1.12,1.079,-0.018598893451818865,-1.68396,-1232695345.6516953,-1.78503,62466503703.0,99985639695.0,100000000000.0,3.65,-70.22038,2025-07-18T03:40:53.808Z,0.00268621,40324.1922,2014-05-22T00:00:00.000Z,,2026-07-17T10:09:28.193Z
solana,sol,Solana,https://coin-images.coingecko.com/coins/images/4128/large/solana.png?1718769756,74.67,43494524538,7,47076157261,1519107260.0,76.66,74.21,-1.3176310432141918,-1.73397,-809131806.8338852,-1.82633,582517241.9734097,630485643.4648248,,293.31,-74.54186,2025-01-19T11:15:27.957Z,0.500801,14810.46313,2020-05-11T19:35:23.449Z,,2026-07-17T10:09:21.683Z
tron,trx,TRON,https://coin-images.coingecko.com/coins/images/1094/large/photo_2026-04-13_09-59-16.png?1776048311,0.321924,30539614636,8,30539617788,326832499.0,0.323549,0.321448,-0.00115499996081514,-0.3575,-115269005.90315628,-0.37602,94869413772.0553,94869423563.5615,,0.431288,-25.35759,2024-12-04T00:10:40.323Z,0.00180434,17741.63326,2017-11-12T00:00:00.000Z,"{'times': 168.4336933017501, 'currency': 'usd', 'percentage': 16843.36933017501}",2026-07-17T10:09:26.946Z
figure-heloc,figr_heloc,Figure Heloc,https://coin-images.coingecko.com/coins/images/68480/large/figure.png?1755863954,1.02,20432992423,9,20432992423,23595779.0,1.037,1.002,-0.017467600000000028,-1.68447,-286394628.4786072,-1.38225,20041924373.238,20041924373.238,,1.049,-2.822,2026-03-09T17:00:25.937Z,0.155357,556.24022,2025-10-31T14:27:24.456Z,,2026-07-17T08:33:07.569Z
hyperliquid,hype,Hyperliquid,https://coin-images.coingecko.com/coins/images/50882/large/hyperliquid.jpg?1729431300,60.57,13471351281,10,57853563519,637984082.0,66.01,58.61,-5.289415964009585,-8.03186,-1210533963.623684,-8.24509,222445714.0741414,955307079.4341414,1000000000.0,76.7,-21.0383,2026-06-16T13:02:04.375Z,3.81,1490.18577,2024-11-29T09:30:30.871Z,,2026-07-17T10:09:13.758Z
dogecoin,doge,Dogecoin,https://coin-images.coingecko.com/coins/images/5/large/dogecoin.png?1696501409,0.07179,11134427536,11,12262301415,406668755.0,0.073791,0.071182,-0.001276264614960471,-1.74672,-213295638.2531147,-1.87963,155106066383.7052,170817703126.579,,0.731578,-90.18698,2021-05-08T05:08:23.458Z,8.69e-05,82508.51565,2015-05-06T00:00:00.000Z,,2026-07-17T10:09:13.397Z
usds,usds,USDS,https://coin-images.coingecko.com/coins/images/39926/large/usds.webp?1726666683,0.999828,10002870998,12,10002870998,122118381.0,0.999958,0.99971,7.165e-05,0.00717,31826167.0,0.31919,10004561753.82223,10004561753.82223,,1.15,-13.21648,2026-04-02T07:21:14.655Z,0.948265,5.43708,2024-10-03T13:19:28.826Z,,2026-07-17T10:09:21.639Z
rain,rain,Rain,https://coin-images.coingecko.com/coins/images/69134/large/Rain_logo_1_.png?1762952191,0.01428382,9447758372,13,16413529019,26264983.0,0.01482878,0.01383212,-3.9212772273643e-05,-0.27377,-31382308.43770218,-0.33107,661855194221.2073,1149836713526.556,1150000000000.0,0.01614328,-11.57256,2026-06-22T20:10:11.458Z,0.00222126,542.65744,2025-09-14T08:56:57.416Z,,2026-07-17T10:09:18.899Z
leo-token,leo,LEO Token,https://coin-images.coingecko.com/coins/images/8418/large/leo-token.png?1696508607,9.8,9014742084,14,9652089538,233613.0,9.84,9.76,-0.015026659877003468,-0.15315,-13923659.148757935,-0.15422,920182099.9,985239504.0,,10.57,-7.31312,2026-05-04T09:45:26.809Z,0.799859,1124.79737,2019-12-24T15:14:35.376Z,,2026-07-17T10:09:25.639Z
zcash,zec,Zcash,https://coin-images.coingecko.com/coins/images/486/large/circle-zcash-color.png?1696501740,534.55,8972800940,15,8973633403,452507055.0,558.87,525.31,-11.007681072562264,-2.0177,-188052232.2442665,-2.05278,16791065.7905448,16792623.6030448,21000000.0,3191.93,-83.25311,2016-10-29T00:00:00.000Z,16.08,3224.28124,2024-07-05T04:22:29.321Z,,2026-07-17T10:09:22.368Z
whitebit,wbt,WhiteBIT Coin,https://coin-images.coingecko.com/coins/images/27045/large/wbt_token.png?1696526096,55.08,6496800776,16,16184575027,81246873.0,56.58,54.73,-1.000488569084176,-1.78417,-118019428.48663902,-1.78417,117961796.0,293861795.0,400000000.0,64.11,-14.19297,2025-12-10T20:16:13.582Z,3.06,1696.62744,2023-02-13T19:01:21.899Z,,2026-07-17T10:09:10.002Z
stellar,xlm,Stellar,https://coin-images.coingecko.com/coins/images/100/large/fmpFRHHQ_400x400.jpg?1735231350,0.183838,6282432217,17,9188417668,199347862.0,0.192086,0.1819,-0.00523344136215631,-2.76798,-188106597.08558178,-2.90712,34187914384.16135,50001786839.91257,,0.875563,-79.04554,2018-01-03T00:00:00.000Z,0.00047612,38434.0227,2015-03-05T00:00:00.000Z,,2026-07-17T10:09:25.258Z
chainlink,link,Chainlink,https://coin-images.coingecko.com/coins/images/877/large/Chainlink_Logo_500.png?1760023405,8.21,6141691810,18,8209720696,214823659.0,8.48,8.13,-0.19684407599240927,-2.34126,-156658661.57068062,-2.4873,748099970.424884,1000000000.0,1000000000.0,52.7,-84.41873,2021-05-10T00:13:57.214Z,0.148183,5440.97846,2017-11-29T00:00:00.000Z,,2026-07-17T10:09:21.248Z
monero,xmr,Monero,https://coin-images.coingecko.com/coins/images/69/large/monero_logo.png?1696501460,323.43,6060940506,19,6060940506,93005408.0,337.89,322.8,-8.041521280635038,-2.42604,-164215804.73335266,-2.63794,18779030.78531206,18779030.78531206,,797.73,-59.457,2026-01-14T19:34:07.049Z,0.216177,149511.70856,2015-01-14T00:00:00.000Z,,2026-07-17T10:09:19.019Z
cardano,ada,Cardano,https://coin-images.coingecko.com/coins/images/975/large/cardano.png?1696502090,0.161141,6007009428,20,7250693156,230444135.0,0.164812,0.158124,-0.000595011239976545,-0.36789,-29884910.96202469,-0.49504,37281321720.55408,45000000000.0,45000000000.0,3.09,-94.77988,2021-09-02T06:00:10.474Z,0.01925275,736.97465,2020-03-13T02:22:55.044Z,,2026-07-17T10:09:21.762Z
canton-network,cc,Canton,https://coin-images.coingecko.com/coins/images/70468/large/Canton-Ticker_%281%29.png?1762826299,0.130317,5096081089,21,5096081089,13927780.0,0.136158,0.129562,-0.003040344230484326,-2.27985,-100762898.30798244,-1.93892,39101913579.58028,39101913579.58028,,0.194152,-32.87346,2026-02-03T08:02:08.411Z,0.059024,120.80369,2025-12-06T10:32:09.784Z,,2026-07-17T10:09:19.823Z
dai,dai,Dai,https://coin-images.coingecko.com/coins/images/9956/large/Badge_Dai.png?1696509996,0.999907,4652275653,22,4652275653,171325597.0,1.0,0.999642,0.00020408,0.02041,9524455.0,0.20515,4652763301.783013,4652763301.783013,,1.22,-17.96798,2020-03-13T03:02:50.373Z,0.88196,13.37402,2023-03-11T07:50:50.514Z,,2026-07-17T10:09:21.433Z
bitcoin-cash,bch,Bitcoin Cash,https://coin-images.coingecko.com/coins/images/780/large/bitcoin-cash-circle.png?1696501932,223.11,4476197128,23,4476287768,129161869.0,223.76,220.58,1.3,0.58494,17072607.0,0.38287,20062331.14665078,20062737.39665078,21000000.0,3785.82,-94.10671,2017-12-20T00:00:00.000Z,76.93,189.99801,2018-12-16T00:00:00.000Z,,2026-07-17T10:09:23.788Z
usd1-wlfi,usd1,USD1,https://coin-images.coingecko.com/coins/images/54977/large/USD1_1000x1000_transparent.png?1749297002,0.998795,4264177651,24,4264177651,683534122.0,0.999281,0.998101,0.00010701,0.01072,-57780295.48258686,-1.3369,4269345463.564755,4269345463.564755,,1.025,-2.56209,2025-05-12T12:36:39.412Z,0.989633,0.903,2025-10-01T08:51:32.103Z,,2026-07-17T10:09:27.975Z
the-open-network,gram,Gram (prev. Toncoin),https://coin-images.coingecko.com/coins/images/17980/large/Gram_Circular_Badge.png?1781524778,1.51,4117239521,25,7870941612,54436396.0,1.56,1.41,-0.04701286394945425,-3.0212,-131040198.73431349,-3.08455,2728324433.328465,5215747639.231752,,8.25,-81.79976,2024-06-15T00:36:51.509Z,0.519364,189.23396,2021-09-21T00:33:11.092Z,,2026-07-17T10:09:09.016Z
ethena-usde,usde,Ethena USDe,https://coin-images.coingecko.com/coins/images/33613/large/usde.png?1733810059,0.999721,4002383237,26,4002383237,74449641.0,0.999873,0.999638,2.944e-05,0.00294,-13479764.625936508,-0.33566,4003498312.828724,4003498312.828724,,1.034,-3.3215,2025-12-09T17:10:12.652Z,0.929486,7.55178,2024-10-04T07:57:15.809Z,,2026-07-17T10:09:10.700Z
litecoin,ltc,Litecoin,https://coin-images.coingecko.com/coins/images/2/large/litecoin.png?1696501400,44.81,3464427585,27,3464430943,286755172.0,45.73,44.21,0.204346,0.4581,10520537.0,0.3046,77393922.63083594,77393997.63122337,84000000.0,410.26,-89.13219,2021-05-10T03:13:07.904Z,1.15,3780.97314,2015-01-14T00:00:00.000Z,,2026-07-17T10:09:27.312Z
global-dollar,usdg,Global Dollar,https://coin-images.coingecko.com/coins/images/51281/large/GDN_USDG_Token_200x200.png?1730484111,1.004,3167865095,28,3167865095,283679647.0,1.007,0.998693,0.00257016,0.25673,3688989.0,0.11659,3155400667.154434,3155400667.154434,,1.65,-39.37621,2025-01-30T00:11:05.728Z,0.907561,10.51929,2024-11-11T23:55:50.604Z,,2026-07-17T10:09:14.342Z
hashnote-usyc,usyc,Circle USYC,https://coin-images.coingecko.com/coins/images/51054/large/Hashnote_SDYC_200x200.png?1730370965,1.13,3005328169,29,3005356436,24995.0,1.13,1.13,-0.000111347562786079,-0.00984,-295824.09295606613,-0.00984,2656354852.336815,2656379837.010842,,1.13,-0.00986,2026-07-17T08:41:12.051Z,1.026,10.25922,2024-12-05T22:31:20.475Z,,2026-07-17T10:09:13.774Z
sui,sui,Sui,https://coin-images.coingecko.com/coins/images/26375/large/sui-ocean-square.png?1727791290,0.734771,2977538087,30,7347711279,199896669.0,0.751918,0.724178,-0.004955474651756497,-0.66991,-26395600.533635616,-0.8787,4052334085.342099,10000000000.0,10000000000.0,5.35,-86.25715,2025-01-04T22:56:18.063Z,0.364846,101.39179,2023-10-19T10:40:30.078Z,,2026-07-17T10:09:16.982Z
hedera-hashgraph,hbar,Hedera,https://coin-images.coingecko.com/coins/images/3688/large/hbar.png?1696504364,0.066319,2903142045,31,3314762924,52661650.0,0.068005,0.065845,-0.000782025301580683,-1.16544,-36694698.661305904,-1.24819,43791096248.51861,50000000000.0,50000000000.0,0.569229,-88.37394,2021-09-15T10:40:28.318Z,0.00986111,571.10992,2020-01-02T17:30:24.852Z,,2026-07-17T10:09:21.086Z
paypal-usd,pyusd,PayPal USD,https://coin-images.coingecko.com/coins/images/31212/large/PYUSD_Token_Logo_2x.png?1765987788,0.999757,2822482016,32,2822482016,58192518.0,0.99994,0.999634,0.00012207,0.01221,-24260673.571445465,-0.85223,2823170410.750971,2823170410.751044,,1.081,-7.50288,2026-04-02T07:35:31.426Z,0.959426,4.20311,2024-12-05T22:31:13.430Z,,2026-07-17T10:09:20.615Z
avalanche-2,avax,Avalanche,https://coin-images.coingecko.com/coins/images/12559/large/Avalanche_Circle_RedWhite_Trans.png?1696512369,6.5,2805426202,33,3011195290,132789146.0,6.64,6.43,-0.07358087829523985,-1.11957,-33380657.40127182,-1.17587,431771961.1772119,463441061.1772119,720000000.0,144.96,-95.52088,2021-11-21T14:18:56.538Z,2.8,131.8041,2020-12-31T13:15:21.540Z,,2026-07-17T10:09:27.394Z
crypto-com-chain,cro,Cronos,https://coin-images.coingecko.com/coins/images/7310/large/cro_token_logo.png?1696507599,0.059225,2730798407,34,5853120964,39418582.0,0.065707,0.055825,0.00340014,6.09073,158002545.0,6.14128,46091635199.39764,98791589867.94463,100000000000.0,0.891544,-93.34577,2021-11-24T00:00:00.000Z,0.0121196,389.49973,2019-02-08T00:00:00.000Z,,2026-07-17T10:09:25.447Z
blackrock-usd-institutional-digital-liquidity-fund,buidl,BlackRock USD Institutional Digital Liquidity Fund,https://coin-images.coingecko.com/coins/images/36291/large/blackrock.png?1711013223,1.0,2613744733,35,2613744733,0.0,1.0,1.0,0.0,0.0,4350166.0,0.16671,2613744732.980448,2613744732.980448,,1.0,0.0,2025-02-12T05:00:10.912Z,1.0,0.0,2025-02-12T05:45:10.196Z,,2026-07-17T10:00:24.751Z
near,near,NEAR Protocol,https://coin-images.coingecko.com/coins/images/10365/large/near.jpg?1696510367,1.91,2486007488,36,2486007585,201419724.0,2.08,1.89,-0.09921380616616693,-4.93453,-134258632.71989965,-5.12385,1301094364.0,1301094415.0,,20.44,-90.67892,2022-01-16T22:09:45.873Z,0.526762,261.65337,2020-11-04T16:09:15.137Z,,2026-07-17T10:09:26.442Z
tether-gold,xaut,Tether Gold,https://coin-images.coingecko.com/coins/images/10481/large/logo.png?1774627372,3994.45,2447962096,37,2827139619,203471798.0,4032.89,3974.57,-28.94328328019037,-0.71938,-17561614.086196423,-0.71229,612823.659532,707747.089,,5504.62,-27.40529,2026-01-29T00:00:00.000Z,1447.84,176.00123,2020-03-19T13:45:41.821Z,,2026-07-17T10:09:26.555Z
shiba-inu,shib,Shiba Inu,https://coin-images.coingecko.com/coins/images/11939/large/shiba.png?1696511800,4.13e-06,2432050034,38,2433109502,52461048.0,4.17e-06,4.08e-06,-3.4456069702e-08,-0.82755,-21423359.066707134,-0.87318,589242927499427.9,589499617995835.4,,8.616e-05,-95.20747,2021-10-28T03:54:55.568Z,5.6366e-11,7325520.53216,2020-11-28T11:26:25.838Z,,2026-07-17T10:09:26.922Z
uniswap,uni,Uniswap,https://coin-images.coingecko.com/coins/images/12504/large/uniswap-logo.png?1720676669,3.52,2202489206,39,3143034794,167506478.0,3.73,3.49,-0.16067956456080923,-4.3644,-102257415.80938959,-4.43682,625553561.5538775,892688420.0329479,1000000000.0,44.92,-92.1651,2021-05-03T05:25:04.822Z,1.03,241.62159,2020-09-17T01:20:38.214Z,,2026-07-17T10:09:27.210Z
ondo-us-dollar-yield,usdy,Ondo US Dollar Yield,https://coin-images.coingecko.com/coins/images/31700/large/usdy_%281%29.png?1696530524,1.13,2151326790,40,2151924227,2097740.0,1.14,1.13,-0.004053630728462654,-0.35592,-9100576.34484768,-0.42124,1895683646.331802,1896210090.176432,,1.26,-10.18058,2024-03-27T05:24:08.110Z,0.934184,21.43869,2024-01-14T11:40:50.825Z,,2026-07-17T10:09:11.363Z
bittensor,tao,Bittensor,https://coin-images.coingecko.com/coins/images/28452/large/ARUsPeNQ_400x400.jpeg?1696527447,192.44,1846589101,41,4040469652,109781019.0,197.61,188.88,-2.7201137211514492,-1.39378,-29993427.07999158,-1.5983,9597491.0,21000000.0,21000000.0,757.6,-74.65834,2024-03-07T18:45:36.466Z,30.83,522.73725,2023-05-14T08:57:53.732Z,,2026-07-17T10:09:26.044Z
world-liberty-financial,wlfi,World Liberty Financial,https://coin-images.coingecko.com/coins/images/50767/large/wlfi.png?1756438915,0.056956,1808878009,42,5692858653,24967375.0,0.058165,0.056815,-0.000864430299213494,-1.49502,-28250580.494911194,-1.53776,31774511179.0,100000000000.0,100000000000.0,0.331336,-82.8101,2025-09-01T12:20:09.597Z,0.051632,10.31127,2026-05-02T06:24:04.639Z,,2026-07-17T10:09:13.951Z
ondo-finance,ondo,Ondo,https://coin-images.coingecko.com/coins/images/26580/large/ONDO.png?1696525656,0.369586,1799008335,43,3694570086,244523690.0,0.391707,0.360298,-0.003839380074479204,-1.02815,-17184056.768342733,-0.94616,4869330647.0,10000000000.0,10000000000.0,2.14,-82.73087,2024-12-16T00:36:00.777Z,0.082171,349.77724,2024-01-18T12:14:30.524Z,,2026-07-17T10:09:21.646Z
pax-gold,paxg,PAX Gold,https://coin-images.coingecko.com/coins/images/9519/large/paxgold.png?1696509604,3989.97,1791156282,44,1791156282,129203569.0,4030.35,3970.51,-32.47575203500173,-0.80736,-14481481.831434011,-0.80201,448888.537837,448888.537837,,5619.09,-28.96454,2026-01-29T06:30:56.612Z,1399.64,185.1835,2019-11-18T03:09:35.959Z,,2026-07-17T10:09:25.023Z
okb,okb,OKB,https://coin-images.coingecko.com/coins/images/4463/large/WeChat_Image_20220118095654.png?1696505053,79.89,1677150178,45,1677150178,17437706.0,81.39,79.23,-1.426549137513888,-1.75426,-32006211.35750127,-1.87263,21000000.0,21000000.0,21000000.0,228.74,-65.12855,2025-10-05T00:00:00.000Z,0.580608,13638.14379,2019-01-14T00:00:00.000Z,,2026-07-17T10:09:24.542Z
aster-2,aster,Aster,https://coin-images.coingecko.com/coins/images/69040/large/_ASTER.png?1757326782,0.614151,1646758140,46,4792864583,82822082.0,0.626559,0.610025,-0.011602823032353604,-1.85422,-34691569.66947603,-2.06319,2685531220.4697533,7816197874.516728,8000000000.0,2.41,-74.5032,2025-09-24T11:18:14.634Z,0.099713,515.91537,2025-09-17T12:05:36.771Z,,2026-07-17T10:09:18.910Z
htx-dao,htx,HTX DAO,https://coin-images.coingecko.com/coins/images/35491/large/Frame_1321318576.png?1708908626,1.81e-06,1621385241,48,1621385241,48624921.0,1.81e-06,1.8e-06,2.811e-09,0.15597,2498843.0,0.15436,898232728634017.2,898232728634017.2,999990000000000.0,3.75e-06,-51.87978,2024-12-04T00:16:20.770Z,8.00816e-07,125.4236,2024-08-05T13:31:33.427Z,,2026-07-17T10:09:21.027Z
memecore,m,MemeCore,https://coin-images.coingecko.com/coins/images/53247/large/square-bg-transparent.png?1752637478,1.22,1617398184,49,6582762095,13857804.0,1.23,1.2,-0.003188353404657729,-0.26013,-7482193.428789377,-0.46048,1324871828.344449,5392188600.998711,10000000000.0,4.82,-74.65317,2026-04-24T01:10:07.284Z,0.04746135,2472.9824,2025-07-04T03:56:17.448Z,,2026-07-17T10:09:14.686Z
dexe,dexe,DeXe,https://coin-images.coingecko.com/coins/images/12713/large/DEXE_token_logo.png?1696512514,34.57,1615917446,47,3335667029,112414602.0,36.12,31.47,-0.34817174895010083,-0.99722,-21173305.926011324,-1.29335,46750309.420346804,96504599.33609451,,48.85,-28.2281,2026-07-13T00:40:12.499Z,0.671563,5120.90702,2020-11-06T19:31:40.144Z,,2026-07-17T10:09:27.459Z
ripple-usd,rlusd,Ripple USD,https://coin-images.coingecko.com/coins/images/39651/large/RLUSD_200x200_%281%29.png?1727376633,1.0,1515168779,50,1515168779,97051856.0,1.001,0.999579,-1.7817434014855e-05,-0.00178,-542918.974899292,-0.03582,1515085946.000429,1515085946.000429,,1.073,-6.79171,2024-12-26T10:45:52.337Z,0.962292,3.91394,2024-12-18T04:40:40.880Z,,2026-07-17T10:09:12.690Z
